{"dataType":"agency","generated":1573993891990,"version":"1573993891990","length":16,"rows":[["CTB","Citybus","http://www.nwstbus.com.hk","UTC+08:00","EN","+85228730818","webmaster@citybus.com.hk","城巴","城巴","CTB","城巴","城巴","zh-HK","城巴","http://www.nwstbus.com.hk","CTB","城巴","城巴","Citybus","http://www.nwstbus.com.hk","http://www.nwstbus.com.hk","zh-CN","EN","Citybus","Citybus","zh-HK","城巴","http://www.nwstbus.com.hk","城巴"],["KMB","Kowloon Motor Bus","http://www.kmb.com.hk","UTC+08:00","EN","+85227454466","kowloonbus@kmb.hk","九龍巴士","九巴","KMB","九龙巴士","九巴","zh-HK","九龍巴士","http://www.kmb.com.hk","KMB","九龍巴士","九龙巴士","Kowloon Motor Bus","http://www.kmb.com.hk","http://www.kmb.com.hk","zh-CN","EN","Kowloon Motor Bus","Kowloon Motor Bus","zh-HK","九巴","http://www.kmb.com.hk","九龍巴士"],["KMB+CTB","Kowloon Motor Bus|Citybus","http://www.kmb.hk|http://www.nwstbus.com.hk","UTC+08:00","EN","+85227454466|+85228730818","kowloonbus@kmb.hk|webmaster@citybus.com.hk","九龍巴士/城巴","九巴/城巴","KMB/CTB","九龙巴士|城巴","九巴/城巴","zh-HK","九龍巴士|城巴","http://www.kmb.hk|http://www.nwstbus.com.hk","KMB/CTB","九龍巴士|城巴","九龙巴士/城巴","Kowloon Motor Bus|Citybus","http://www.kmb.hk|http://www.nwstbus.com.hk","http://www.kmb.hk|http://www.nwstbus.com.hk","zh-CN","EN","Kowloon Motor Bus/Citybus","Kowloon Motor Bus/Citybus","zh-HK","九巴/城巴","http://www.kmb.hk|http://www.nwstbus.com.hk","九龍巴士/城巴"],["KMB+NWFB","Kowloon Motor Bus|New World First Bus","http://www.kmb.hk|http://www.nwstbus.com.hk","UTC+08:00","EN","+85227454466|+85221368888","kowloonbus@kmb.hk|bus_ideas@nwfb.com.hk","九龍巴士/新世界第一巴士","九巴/新巴","KMB/NWFB","九龙巴士|新世界第一巴士","九巴/新巴","zh-HK","九龍巴士|新世界第一巴士","http://www.kmb.hk|http://www.nwstbus.com.hk","KMB/NWFB","九龍巴士|新世界第一巴士","九龙巴士/新世界第一巴士","Kowloon Motor Bus|New World First Bus","http://www.kmb.hk|http://www.nwstbus.com.hk","http://www.kmb.hk|http://www.nwstbus.com.hk","zh-CN","EN","Kowloon Motor Bus/New World First Bus","Kowloon Motor Bus/New World First Bus","zh-HK","九巴/新巴","http://www.kmb.hk|http://www.nwstbus.com.hk","九龍巴士/新世界第一巴士"],["LWB+CTB","Long Win Bus|Citybus","http://www.lwb.hk|http://www.nwstbus.com.hk","UTC+08:00","EN","+85222612791|+85228730818","kowloonbus@kmb.hk|webmaster@citybus.com.hk","龍運巴士/城巴","龙运/城巴","LWB/CTB","龙运巴士|城巴","龍運/城巴","zh-HK","龍運巴士|城巴","http://www.lwb.hk|http://www.nwstbus.com.hk","LWB/CTB","龍運巴士|城巴","龙运巴士/城巴","Long Win Bus|Citybus","http://www.lwb.hk|http://www.nwstbus.com.hk","http://www.lwb.hk|http://www.nwstbus.com.hk","zh-CN","EN","Long Win Bus/Citybus","Long Win Bus/Citybus","zh-HK","龍運/城巴","http://www.lwb.hk|http://www.nwstbus.com.hk","龍運巴士/城巴"],["NLB","New Lantao Bus","http://www.newlantaobus.com","UTC+08:00","EN","+85229849848","info@nlb.com.hk","新大嶼山巴士","新大屿山巴士","New Lantao Bus","新大屿山巴士","新大嶼山巴士","zh-HK","新大嶼山巴士","http://www.newlantaobus.com","New Lantao Bus","新大嶼山巴士","新大屿山巴士","New Lantao Bus","http://www.newlantaobus.com","http://www.newlantaobus.com","zh-CN","EN","New Lantao Bus","New Lantao Bus","zh-HK","新大嶼山巴士","http://www.newlantaobus.com","新大嶼山巴士"],["NWFB","New World First Bus","http://www.nwstbus.com.hk","UTC+08:00","EN","+85221368888","bus_ideas@nwfb.com.hk","新世界第一巴士","新巴","NWFB","新世界第一巴士","新巴","zh-HK","新世界第一巴士","http://www.nwstbus.com.hk","NWFB","新世界第一巴士","新世界第一巴士","New World First Bus","http://www.nwstbus.com.hk","http://www.nwstbus.com.hk","zh-CN","EN","New World First Bus","New World First Bus","zh-HK","新巴","http://www.nwstbus.com.hk","新世界第一巴士"],["PI","Park Island Transport (Bus Services)","http://www.pitcl.com.hk","UTC+08:00","EN","+85229468888","enquiry@pitcl.com.hk","珀麗灣客運（巴士服務）","珀丽湾巴士","Park Island Bus","珀丽湾客运（巴士服务）","珀麗灣巴士","zh-HK","珀麗灣客運（巴士服務）","http://www.pitcl.com.hk","Park Island Bus","珀麗灣客運（巴士服務）","珀丽湾客运（巴士服务）","Park Island Transport (Bus Services)","http://www.pitcl.com.hk","http://www.pitcl.com.hk","zh-CN","EN","Park Island Transport (Bus Services)","Park Island Transport (Bus Services)","zh-HK","珀麗灣巴士","http://www.pitcl.com.hk","珀麗灣客運（巴士服務）"],["LWB","Long Win Bus","http://www.lwb.hk","UTC+08:00","EN","+85222612791","kowloonbus@kmb.hk","龍運巴士","龙运","LWB","龙运巴士","龍運","zh-HK","龍運巴士","http://www.lwb.hk","LWB","龍運巴士","龙运巴士","Long Win Bus","http://www.lwb.hk","http://www.lwb.hk","zh-CN","EN","Long Win Bus","Long Win Bus","zh-HK","龍運","http://www.lwb.hk","龍運巴士"],["DB","Discovery Bay Transit Services (Bus Services)","http://www.dbcommunity.hk","UTC+08:00","EN","+85229877351","N/A","愉景灣交通服務（巴士服務）","愉景湾交通服务（巴士服务）","Discovery Bay Transit Services (Bus Services)","愉景湾交通服务（巴士服务）","愉景灣交通服務（巴士服務）","zh-HK","愉景灣交通服務（巴士服務）","http://www.dbcommunity.hk","Discovery Bay Transit Services (Bus Services)","愉景灣交通服務（巴士服務）","愉景湾交通服务（巴士服务）","Discovery Bay Transit Services (Bus Services)","http://www.dbcommunity.hk","http://www.dbcommunity.hk","zh-CN","EN","Discovery Bay Transit Services (Bus Services)","Discovery Bay Transit Services (Bus Services)","zh-HK","愉景灣交通服務（巴士服務）","http://www.dbcommunity.hk","愉景灣交通服務（巴士服務）"],["LRTFeeder","MTR Bus","http://www.mtr.com.hk","UTC+08:00","EN","+85228818888","N/A","港鐵巴士","港铁巴士","MTR Bus","港铁巴士","港鐵巴士","zh-HK","港鐵巴士","http://www.mtr.com.hk","MTR Bus","港鐵巴士","港铁巴士","MTR Bus","http://www.mtr.com.hk","http://www.mtr.com.hk","zh-CN","EN","MTR Bus","MTR Bus","zh-HK","港鐵巴士","http://www.mtr.com.hk","港鐵巴士"],["XB","Lok Ma Chau Crossing-boundary Coach Services","https://www.td.gov.hk/en/transport_in_hong_kong/land_based_cross_boundary_transport/access_to_lok_ma_chau_control_point","UTC+08:00","EN","+85228042600","tdenq@td.gov.hk","落馬洲過境巴士服務","落马洲过境巴士","Lok Ma Chau Cross-boundary","落马洲过境巴士服务","落馬洲過境巴士","zh-HK","落馬洲過境巴士服務","https://www.td.gov.hk/tc/transport_in_hong_kong/land_based_cross_boundary_transport/access_to_lok_ma_chau_control_point","Lok Ma Chau Cross-boundary","落馬洲過境巴士服務","落马洲过境巴士服务","Lok Ma Chau Crossing-boundary Coach Services","https://www.td.gov.hk/en/transport_in_hong_kong/land_based_cross_boundary_transport/access_to_lok_ma_chau_control_point","https://www.td.gov.hk/tc/transport_in_hong_kong/land_based_cross_boundary_transport/access_to_lok_ma_chau_control_point","zh-CN","EN","Lok Ma Chau Crossing-boundary Coach Services","Lok Ma Chau Crossing-boundary Coach Services","zh-HK","落馬洲過境巴士","https://www.td.gov.hk/sc/transport_in_hong_kong/land_based_cross_boundary_transport/access_to_lok_ma_chau_control_point","落馬洲過境巴士服務"],["GMB","Green Minibus Services","https://www.td.gov.hk/en/transport_in_hong_kong/public_transport/minibuses","UTC+08:00","en","+85228042600","tdenq@td.gov.hk","綠色專線小巴服務","专线小巴","Green Minibus","绿色专线小巴服务","專線小巴","zh-HK","綠色專線小巴服務","https://www.td.gov.hk/tc/transport_in_hong_kong/public_transport/minibuses","Green Minibus","綠色專線小巴服務","绿色专线小巴服务","Green Minibus Services","https://www.td.gov.hk/en/transport_in_hong_kong/public_transport/minibuses","https://www.td.gov.hk/tc/transport_in_hong_kong/public_transport/minibuses","zh-CN","en","Green Minibus Services","Green Minibus Services","zh-HK","專線小巴","https://www.td.gov.hk/sc/transport_in_hong_kong/public_transport/minibuses","綠色專線小巴服務"],["FERRY","Ferry Services","https://www.td.gov.hk/en/transport_in_hong_kong/public_transport/ferries","UTC+08:00","en","+85228042600","tdenq@td.gov.hk","渡輪服務","渡轮","Ferry","渡轮服务","渡輪","zh-HK","渡輪服務","https://www.td.gov.hk/tc/transport_in_hong_kong/public_transport/ferries","Ferry","渡輪服務","渡轮服务","Ferry Services","https://www.td.gov.hk/en/transport_in_hong_kong/public_transport/ferries","https://www.td.gov.hk/tc/transport_in_hong_kong/public_transport/ferries","zh-CN","en","Ferry Services","Ferry Services","zh-HK","渡輪","https://www.td.gov.hk/sc/transport_in_hong_kong/public_transport/ferries","渡輪服務"],["PTRAM","Peak Tram","https://www.thepeak.com.hk/en/the-peak-experience/the-peak-tram","UTC+08:00","en","+85225220922","info@thepeak.com.hk","山頂纜車","山顶缆车","Peak Tram","山顶缆车","山頂纜車","zh-HK","山頂纜車","https://www.thepeak.com.hk/zh-hant/the-peak-experience/the-peak-tram","Peak Tram","山頂纜車","山顶缆车","Peak Tram","https://www.thepeak.com.hk/en/the-peak-experience/the-peak-tram","https://www.thepeak.com.hk/zh-hant/the-peak-experience/the-peak-tram","zh-CN","en","Peak Tram","Peak Tram","zh-HK","山頂纜車","https://www.thepeak.com.hk/zh-hans/the-peak-experience/the-peak-tram","山頂纜車"],["TRAM","HK Tramways","https://www.hktramways.com","UTC+08:00","en","+85225487102","enquiry@hktramways.com","香港電車","香港电车","HK Tramways","香港电车","香港電車","zh-HK","香港電車","https://www.hktramways.com","HK Tramways","香港電車","香港电车","HK Tramways","https://www.hktramways.com","https://www.hktramways.com","zh-CN","en","HK Tramways","HK Tramways","zh-HK","香港電車","https://www.hktramways.com","香港電車"]]}