{"dataType":"agency","generated":1583386926807,"version":"1583386926807","headers":["agency_id","agency_name","agency_url","agency_timezone","agency_lang","agency_phone","agency_email","agency_long_name_zh-hk","agency_short_name_zh-cn","agency_short_name_en","agency_name_zh-cn","agency_short_name_zh","agency_lang_zh-hk","agency_name_zh","agency_url_zh","agency_short_name","agency_name_zh-hk","agency_long_name_zh-cn","agency_name_en","agency_url_en","agency_url_zh-hk","agency_lang_zh-cn","agency_lang_en","agency_long_name_en","agency_long_name","agency_lang_zh","agency_short_name_zh-hk","agency_url_zh-cn","agency_long_name_zh"],"headerTypes":["string","string","string","string","string","string","string","string","string","string","string","string","string","string","string","string","string","string","string","string","string","string","string","string","string","string","string","string","string"]}