{"dataType":"routes","generated":1573993891990,"version":"1573993891990","headers":["route_id","agency_id","route_short_name","route_long_name","route_type","route_url","route_short_name_zh-hk","route_long_name_zh-hk","route_long_name_en","route_url_zh-cn","route_url_zh","route_long_name_zh","route_short_name_zh-cn","route_short_name_en","route_url_zh-hk","route_url_en","route_short_name_zh","route_long_name_zh-cn"],"headerTypes":["string","string","string","string","int","string","string","string","string","string","string","string","string","string","string","string","string","string"]}